{"cameraMode":{"drawMode":0,"name":"Shaded","section":"Shading Mode"},"sceneLighting":true,"audioPlay":false,"sceneViewState":{"m_AlwaysRefresh":false,"showFog":true,"showSkybox":true,"showFlares":true,"showImageEffects":true,"showParticleSystems":true,"showVisualEffectGraphs":true,"m_FxEnabled":true},"in2DMode":false,"pivot":{"x":5.407870292663574,"y":1.6762126684188843,"z":2.7560477256774904},"rotation":{"x":-0.14518916606903077,"y":0.037374455481767657,"z":-0.005456550978124142,"w":-0.9886599779129028},"size":2.3204615116119386,"orthographic":false}